server1@example.com,password,localhost,1025
server2@example.com,password,localhost,1025
server3@example.com,password,localhost,1025
server4@example.com,password,localhost,1025
server5@example.com,password,localhost,1025
server6@example.com,password,localhost,1025
server7@example.com,password,localhost,1025
server8@example.com,password,localhost,1025
server9@example.com,password,localhost,1025
server10@example.com,password,localhost,1025
server11@example.com,password,localhost,1025
server12@example.com,password,localhost,1025
server13@example.com,password,localhost,1025
server14@example.com,password,localhost,1025
server15@example.com,password,localhost,1025
server16@example.com,password,localhost,1025
server17@example.com,password,localhost,1025
server18@example.com,password,localhost,1025
server19@example.com,password,localhost,1025
server20@example.com,password,localhost,1025
server21@example.com,password,localhost,1025
server22@example.com,password,localhost,1025
server23@example.com,password,localhost,1025
server24@example.com,password,localhost,1025
server25@example.com,password,localhost,1025
server26@example.com,password,localhost,1025
server27@example.com,password,localhost,1025
server28@example.com,password,localhost,1025
server29@example.com,password,localhost,1025
server30@example.com,password,localhost,1025
server31@example.com,password,localhost,1025
server32@example.com,password,localhost,1025
server33@example.com,password,localhost,1025
server34@example.com,password,localhost,1025
server35@example.com,password,localhost,1025
server36@example.com,password,localhost,1025
server37@example.com,password,localhost,1025
server38@example.com,password,localhost,1025
server39@example.com,password,localhost,1025
server40@example.com,password,localhost,1025
server41@example.com,password,localhost,1025
server42@example.com,password,localhost,1025
server43@example.com,password,localhost,1025
server44@example.com,password,localhost,1025
server45@example.com,password,localhost,1025
server46@example.com,password,localhost,1025
server47@example.com,password,localhost,1025
server48@example.com,password,localhost,1025
server49@example.com,password,localhost,1025
server50@example.com,password,localhost,1025
server51@example.com,password,localhost,1025
server52@example.com,password,localhost,1025
server53@example.com,password,localhost,1025
server54@example.com,password,localhost,1025
server55@example.com,password,localhost,1025
server56@example.com,password,localhost,1025
server57@example.com,password,localhost,1025
server58@example.com,password,localhost,1025
server59@example.com,password,localhost,1025
server60@example.com,password,localhost,1025
server61@example.com,password,localhost,1025
server62@example.com,password,localhost,1025
server63@example.com,password,localhost,1025
server64@example.com,password,localhost,1025
server65@example.com,password,localhost,1025
server66@example.com,password,localhost,1025
server67@example.com,password,localhost,1025
server68@example.com,password,localhost,1025
server69@example.com,password,localhost,1025
server70@example.com,password,localhost,1025
server71@example.com,password,localhost,1025
server72@example.com,password,localhost,1025
server73@example.com,password,localhost,1025
server74@example.com,password,localhost,1025
server75@example.com,password,localhost,1025
server76@example.com,password,localhost,1025
server77@example.com,password,localhost,1025
server78@example.com,password,localhost,1025
server79@example.com,password,localhost,1025
server80@example.com,password,localhost,1025
server81@example.com,password,localhost,1025
server82@example.com,password,localhost,1025
server83@example.com,password,localhost,1025
server84@example.com,password,localhost,1025
server85@example.com,password,localhost,1025
server86@example.com,password,localhost,1025
server87@example.com,password,localhost,1025
server88@example.com,password,localhost,1025
server89@example.com,password,localhost,1025
server90@example.com,password,localhost,1025
server91@example.com,password,localhost,1025
server92@example.com,password,localhost,1025
server93@example.com,password,localhost,1025
server94@example.com,password,localhost,1025
server95@example.com,password,localhost,1025
server96@example.com,password,localhost,1025
server97@example.com,password,localhost,1025
server98@example.com,password,localhost,1025
server99@example.com,password,localhost,1025
server100@example.com,password,localhost,1025
